INSERT INTO option_groups (id, restaurant_id, name, description, selection_type, min_select, max_select, is_required, is_active)
VALUES
  ('81111111-1111-4111-8111-000000000601', '21111111-1111-4111-8111-000000000104', 'Size', 'Choose preferred portion size.', 'single', 1, 1, TRUE, TRUE),
  ('81111111-1111-4111-8111-000000000602', '21111111-1111-4111-8111-000000000104', 'Topping', 'Add-ons to compliment your dish.', 'multiple', 0, 3, FALSE, TRUE)
ON CONFLICT (id) DO NOTHING;

INSERT INTO option_items (id, group_id, name, description, price_delta, is_active)
VALUES
  ('82111111-1111-4111-8111-000000000611', '81111111-1111-4111-8111-000000000601', 'Regular', 'Standard serving size.', 0, TRUE),
  ('82111111-1111-4111-8111-000000000612', '81111111-1111-4111-8111-000000000601', 'Large', 'Larger portion with extra noodles or rice.', 15000, TRUE),
  ('82111111-1111-4111-8111-000000000613', '81111111-1111-4111-8111-000000000602', 'Soft-boiled Egg', 'Tamago style egg.', 10000, TRUE),
  ('82111111-1111-4111-8111-000000000614', '81111111-1111-4111-8111-000000000602', 'Extra Kimchi', 'House fermented cabbage.', 8000, TRUE),
  ('82111111-1111-4111-8111-000000000615', '81111111-1111-4111-8111-000000000602', 'Mozzarella Cheese', 'Melted cheese topping.', 12000, TRUE)
ON CONFLICT (id) DO NOTHING;

INSERT INTO product_option_groups (id, product_id, group_id, min_select, max_select, is_required, display_order, is_active)
VALUES
  ('83111111-1111-4111-8111-000000000701', '51111111-1111-4111-8111-000000000401', '81111111-1111-4111-8111-000000000601', 1, 1, TRUE, 1, TRUE),
  ('83111111-1111-4111-8111-000000000702', '51111111-1111-4111-8111-000000000401', '81111111-1111-4111-8111-000000000602', 0, 3, FALSE, 2, TRUE),
  ('83111111-1111-4111-8111-000000000703', '51111111-1111-4111-8111-000000000402', '81111111-1111-4111-8111-000000000601', 1, 1, TRUE, 1, TRUE),
  ('83111111-1111-4111-8111-000000000704', '51111111-1111-4111-8111-000000000402', '81111111-1111-4111-8111-000000000602', 0, 3, FALSE, 2, TRUE),
  ('83111111-1111-4111-8111-000000000705', '51111111-1111-4111-8111-000000000403', '81111111-1111-4111-8111-000000000601', 1, 1, TRUE, 1, TRUE),
  ('83111111-1111-4111-8111-000000000706', '51111111-1111-4111-8111-000000000403', '81111111-1111-4111-8111-000000000602', 0, 3, FALSE, 2, TRUE),
  ('83111111-1111-4111-8111-000000000707', '51111111-1111-4111-8111-000000000404', '81111111-1111-4111-8111-000000000601', 1, 1, TRUE, 1, TRUE),
  ('83111111-1111-4111-8111-000000000708', '51111111-1111-4111-8111-000000000404', '81111111-1111-4111-8111-000000000602', 0, 3, FALSE, 2, TRUE),
  ('83111111-1111-4111-8111-000000000709', '51111111-1111-4111-8111-000000000405', '81111111-1111-4111-8111-000000000601', 1, 1, TRUE, 1, TRUE),
  ('83111111-1111-4111-8111-00000000070A', '51111111-1111-4111-8111-000000000405', '81111111-1111-4111-8111-000000000602', 0, 3, FALSE, 2, TRUE),
  ('83111111-1111-4111-8111-00000000070B', '51111111-1111-4111-8111-000000000406', '81111111-1111-4111-8111-000000000601', 1, 1, TRUE, 1, TRUE),
  ('83111111-1111-4111-8111-00000000070C', '51111111-1111-4111-8111-000000000406', '81111111-1111-4111-8111-000000000602', 0, 3, FALSE, 2, TRUE),
  ('83111111-1111-4111-8111-00000000070D', '51111111-1111-4111-8111-000000000407', '81111111-1111-4111-8111-000000000601', 1, 1, TRUE, 1, TRUE),
  ('83111111-1111-4111-8111-00000000070E', '51111111-1111-4111-8111-000000000407', '81111111-1111-4111-8111-000000000602', 0, 3, FALSE, 2, TRUE)
ON CONFLICT (id) DO NOTHING;
